cls,file,session
Algal,IMG_0002.jpg,burst:Algal:IMG_:0
Algal,IMG_0064.jpg,burst:Algal:IMG_:1
Algal,IMG_2576.HEIC.jpg,burst:Algal:IMG_:10
Algal,IMG_2577.HEIC.jpg,burst:Algal:IMG_:10
Algal,IMG_2578.HEIC.jpg,burst:Algal:IMG_:10
Algal,IMG_2579.HEIC.jpg,burst:Algal:IMG_:10
Algal,IMG_2580.HEIC.jpg,burst:Algal:IMG_:10
Algal,IMG_2581.HEIC.jpg,burst:Algal:IMG_:10
Algal,IMG_2582.HEIC.jpg,burst:Algal:IMG_:10
Algal,IMG_2583.HEIC.jpg,burst:Algal:IMG_:10
Algal,IMG_2584.HEIC.jpg,burst:Algal:IMG_:10
Algal,IMG_2585.HEIC.jpg,burst:Algal:IMG_:10
Algal,IMG_2586.HEIC.jpg,burst:Algal:IMG_:10
Algal,IMG_2587.HEIC.jpg,burst:Algal:IMG_:10
Algal,IMG_2588.HEIC.jpg,burst:Algal:IMG_:10
Algal,IMG_2589.HEIC.jpg,burst:Algal:IMG_:10
Algal,IMG_2590.HEIC.jpg,burst:Algal:IMG_:10
Algal,IMG_2591.HEIC.jpg,burst:Algal:IMG_:10
Algal,IMG_2592.HEIC.jpg,burst:Algal:IMG_:10
Algal,IMG_2593.HEIC.jpg,burst:Algal:IMG_:10
Algal,IMG_2594.HEIC.jpg,burst:Algal:IMG_:10
Algal,IMG_2595.HEIC.jpg,burst:Algal:IMG_:10
Algal,IMG_2596.HEIC.jpg,burst:Algal:IMG_:10
Algal,IMG_2597.HEIC.jpg,burst:Algal:IMG_:10
Algal,IMG_2598.HEIC.jpg,burst:Algal:IMG_:10
Algal,IMG_2599.HEIC.jpg,burst:Algal:IMG_:10
Algal,IMG_2600.HEIC.jpg,burst:Algal:IMG_:10
Algal,IMG_2601.HEIC.jpg,burst:Algal:IMG_:10
Algal,IMG_2602.HEIC.jpg,burst:Algal:IMG_:10
Algal,IMG_2603.HEIC.jpg,burst:Algal:IMG_:10
Algal,IMG_2604.HEIC.jpg,burst:Algal:IMG_:10
Algal,IMG_2605.HEIC.jpg,burst:Algal:IMG_:10
Algal,IMG_2695.HEIC.jpg,burst:Algal:IMG_:11
Algal,IMG_2696.HEIC.jpg,burst:Algal:IMG_:11
Algal,IMG_2697.HEIC.jpg,burst:Algal:IMG_:11
Algal,IMG_2698.HEIC.jpg,burst:Algal:IMG_:11
Algal,IMG_2699.HEIC.jpg,burst:Algal:IMG_:11
Algal,IMG_2700.HEIC.jpg,burst:Algal:IMG_:11
Algal,IMG_2701.HEIC.jpg,burst:Algal:IMG_:11
Algal,IMG_7021.jpg,burst:Algal:IMG_:12
Algal,IMG_9763.jpg,burst:Algal:IMG_:13
Algal,IMG_9764.jpg,burst:Algal:IMG_:13
Algal,IMG_9765.jpg,burst:Algal:IMG_:13
Algal,IMG_9766.jpg,burst:Algal:IMG_:13
Algal,IMG_9767.jpg,burst:Algal:IMG_:13
Algal,IMG_9768.jpg,burst:Algal:IMG_:13
Algal,IMG_9769.jpg,burst:Algal:IMG_:13
Algal,IMG_9770.jpg,burst:Algal:IMG_:13
Algal,IMG_9771.jpg,burst:Algal:IMG_:13
Algal,IMG_9773.jpg,burst:Algal:IMG_:13
Algal,IMG_9774.jpg,burst:Algal:IMG_:13
Algal,IMG_9775.jpg,burst:Algal:IMG_:13
Algal,IMG_9777.jpg,burst:Algal:IMG_:13
Algal,IMG_9787.jpg,burst:Algal:IMG_:14
Algal,IMG_9788.jpg,burst:Algal:IMG_:14
Algal,IMG_9789.jpg,burst:Algal:IMG_:14
Algal,IMG_9790.jpg,burst:Algal:IMG_:14
Algal,IMG_9799.jpg,burst:Algal:IMG_:15
Algal,IMG_9800.jpg,burst:Algal:IMG_:15
Algal,IMG_9801.jpg,burst:Algal:IMG_:15
Algal,IMG_9803.jpg,burst:Algal:IMG_:15
Algal,IMG_9804.jpg,burst:Algal:IMG_:15
Algal,IMG_9805.jpg,burst:Algal:IMG_:15
Algal,IMG_9806.jpg,burst:Algal:IMG_:15
Algal,IMG_9807.jpg,burst:Algal:IMG_:15
Algal,IMG_9808.jpg,burst:Algal:IMG_:15
Algal,IMG_9809.jpg,burst:Algal:IMG_:15
Algal,IMG_9810.jpg,burst:Algal:IMG_:15
Algal,IMG_9811.jpg,burst:Algal:IMG_:15
Algal,IMG_9812.jpg,burst:Algal:IMG_:15
Algal,IMG_9813.jpg,burst:Algal:IMG_:15
Algal,IMG_9814.jpg,burst:Algal:IMG_:15
Algal,IMG_9815.jpg,burst:Algal:IMG_:15
Algal,IMG_9816.jpg,burst:Algal:IMG_:15
Algal,IMG_9818.jpg,burst:Algal:IMG_:15
Algal,IMG_9819.jpg,burst:Algal:IMG_:15
Algal,IMG_9820.jpg,burst:Algal:IMG_:15
Algal,IMG_9821.jpg,burst:Algal:IMG_:15
Algal,IMG_9822.jpg,burst:Algal:IMG_:15
Algal,IMG_9823.jpg,burst:Algal:IMG_:15
Algal,IMG_9824.jpg,burst:Algal:IMG_:15
Algal,IMG_9825.jpg,burst:Algal:IMG_:15
Algal,IMG_9826.jpg,burst:Algal:IMG_:15
Algal,IMG_9827.jpg,burst:Algal:IMG_:15
Algal,IMG_9828.jpg,burst:Algal:IMG_:15
Algal,IMG_9831.jpg,burst:Algal:IMG_:15
Algal,IMG_9832.jpg,burst:Algal:IMG_:15
Algal,IMG_9833.jpg,burst:Algal:IMG_:15
Algal,IMG_9834.jpg,burst:Algal:IMG_:15
Algal,IMG_9836.jpg,burst:Algal:IMG_:15
Algal,IMG_9838.jpg,burst:Algal:IMG_:15
Algal,IMG_9839.jpg,burst:Algal:IMG_:15
Algal,IMG_9840.jpg,burst:Algal:IMG_:15
Algal,IMG_9842.jpg,burst:Algal:IMG_:15
Algal,IMG_9843.jpg,burst:Algal:IMG_:15
Algal,IMG_9844.jpg,burst:Algal:IMG_:15
Algal,IMG_9890.jpg,burst:Algal:IMG_:16
Algal,IMG_9891.jpg,burst:Algal:IMG_:16
Algal,IMG_9892.jpg,burst:Algal:IMG_:16
Algal,IMG_9893.jpg,burst:Algal:IMG_:16
Algal,IMG_9960.jpg,burst:Algal:IMG_:17
Algal,IMG_9961.jpg,burst:Algal:IMG_:17
Algal,IMG_9962.jpg,burst:Algal:IMG_:17
Algal,IMG_9963.jpg,burst:Algal:IMG_:17
Algal,IMG_9997.jpg,burst:Algal:IMG_:18
Algal,IMG_9998.jpg,burst:Algal:IMG_:18
Algal,IMG_9999.jpg,burst:Algal:IMG_:18
Algal,IMG_0069.jpg,burst:Algal:IMG_:2
Algal,IMG_0070.jpg,burst:Algal:IMG_:2
Algal,IMG_0072.jpg,burst:Algal:IMG_:2
Algal,IMG_0073.jpg,burst:Algal:IMG_:2
Algal,IMG_0074.jpg,burst:Algal:IMG_:2
Algal,IMG_0077.jpg,burst:Algal:IMG_:2
Algal,IMG_0078.jpg,burst:Algal:IMG_:2
Algal,IMG_0084.jpg,burst:Algal:IMG_:3
Algal,IMG_0089.jpg,burst:Algal:IMG_:4
Algal,IMG_0090.jpg,burst:Algal:IMG_:4
Algal,IMG_0091.jpg,burst:Algal:IMG_:4
Algal,IMG_0092.jpg,burst:Algal:IMG_:4
Algal,IMG_0170.jpg,burst:Algal:IMG_:5
Algal,IMG_0173.jpg,burst:Algal:IMG_:5
Algal,IMG_0174.jpg,burst:Algal:IMG_:5
Algal,IMG_0175.jpg,burst:Algal:IMG_:5
Algal,IMG_0177.jpg,burst:Algal:IMG_:5
Algal,IMG_0178.jpg,burst:Algal:IMG_:5
Algal,IMG_0179.jpg,burst:Algal:IMG_:5
Algal,IMG_0180.jpg,burst:Algal:IMG_:5
Algal,IMG_0182.HEIC.jpg,burst:Algal:IMG_:5
Algal,IMG_0184.jpg,burst:Algal:IMG_:5
Algal,IMG_0185.jpg,burst:Algal:IMG_:5
Algal,IMG_0187.HEIC.jpg,burst:Algal:IMG_:5
Algal,IMG_0209.jpg,burst:Algal:IMG_:6
Algal,IMG_0210.jpg,burst:Algal:IMG_:6
Algal,IMG_0211.jpg,burst:Algal:IMG_:6
Algal,IMG_0213.jpg,burst:Algal:IMG_:6
Algal,IMG_0214.jpg,burst:Algal:IMG_:6
Algal,IMG_0215.jpg,burst:Algal:IMG_:6
Algal,IMG_0217.jpg,burst:Algal:IMG_:6
Algal,IMG_0218.jpg,burst:Algal:IMG_:6
Algal,IMG_0219.jpg,burst:Algal:IMG_:6
Algal,IMG_0220.jpg,burst:Algal:IMG_:6
Algal,IMG_0260.jpg,burst:Algal:IMG_:7
Algal,IMG_0261.jpg,burst:Algal:IMG_:7
Algal,IMG_0262.jpg,burst:Algal:IMG_:7
Algal,IMG_0263.jpg,burst:Algal:IMG_:7
Algal,IMG_0737.HEIC.jpg,burst:Algal:IMG_:8
Algal,IMG_0757.HEIC.jpg,burst:Algal:IMG_:9
Algal,IMG_0758.HEIC.jpg,burst:Algal:IMG_:9
Algal,IMG_0759.HEIC.jpg,burst:Algal:IMG_:9
Algal,IMG_0760.HEIC.jpg,burst:Algal:IMG_:9
Algal,IMG_0761.HEIC.jpg,burst:Algal:IMG_:9
Algal,IMG_0763.HEIC.jpg,burst:Algal:IMG_:9
Algal,IMG_0765.HEIC.jpg,burst:Algal:IMG_:9
Algal,IMG_0766.HEIC.jpg,burst:Algal:IMG_:9
Algal,62c04e15-dd97-4e29-bf4d-0c33feb777ec.jpg,single:Algal:62c04e15-dd97-4e29-bf4d-0c33feb777ec
Algal,WhatsApp Image 2026-06-10 at 8.41.13 AM.jpg,whatsapp:Algal:2026-06-10
Algal,WhatsApp Image 2026-06-10 at 8.41.14 AM (1).jpg,whatsapp:Algal:2026-06-10
Algal,WhatsApp Image 2026-06-10 at 8.41.14 AM (2).jpg,whatsapp:Algal:2026-06-10
Algal,WhatsApp Image 2026-06-10 at 8.41.14 AM.jpg,whatsapp:Algal:2026-06-10
Algal,WhatsApp Image 2026-06-10 at 8.41.15 AM (1).jpg,whatsapp:Algal:2026-06-10
Algal,WhatsApp Image 2026-06-10 at 8.41.15 AM.jpg,whatsapp:Algal:2026-06-10
Algal,WhatsApp Image 2026-06-10 at 8.41.18 AM.jpg,whatsapp:Algal:2026-06-10
Leaf_rot,IMG_0080.jpg,burst:Leaf_rot:IMG_:0
Leaf_rot,IMG_0082.jpg,burst:Leaf_rot:IMG_:0
Leaf_rot,IMG_0083.HEIC.jpg,burst:Leaf_rot:IMG_:0
Leaf_rot,IMG_0194.jpg,burst:Leaf_rot:IMG_:1
Leaf_rot,IMG_2381.HEIC.jpg,burst:Leaf_rot:IMG_:10
Leaf_rot,IMG_2417.HEIC.jpg,burst:Leaf_rot:IMG_:11
Leaf_rot,IMG_2533.HEIC.jpg,burst:Leaf_rot:IMG_:12
Leaf_rot,IMG_2534.HEIC.jpg,burst:Leaf_rot:IMG_:12
Leaf_rot,IMG_2535.HEIC.jpg,burst:Leaf_rot:IMG_:12
Leaf_rot,IMG_2536.HEIC.jpg,burst:Leaf_rot:IMG_:12
Leaf_rot,IMG_2537.HEIC.jpg,burst:Leaf_rot:IMG_:12
Leaf_rot,IMG_2566.HEIC.jpg,burst:Leaf_rot:IMG_:13
Leaf_rot,IMG_2567.HEIC.jpg,burst:Leaf_rot:IMG_:13
Leaf_rot,IMG_2568.HEIC.jpg,burst:Leaf_rot:IMG_:13
Leaf_rot,IMG_2569.HEIC.jpg,burst:Leaf_rot:IMG_:13
Leaf_rot,IMG_2570.HEIC.jpg,burst:Leaf_rot:IMG_:13
Leaf_rot,IMG_2571.HEIC.jpg,burst:Leaf_rot:IMG_:13
Leaf_rot,IMG_2572.HEIC.jpg,burst:Leaf_rot:IMG_:13
Leaf_rot,IMG_2573.HEIC.jpg,burst:Leaf_rot:IMG_:13
Leaf_rot,IMG_2634.HEIC.jpg,burst:Leaf_rot:IMG_:14
Leaf_rot,IMG_2635.HEIC.jpg,burst:Leaf_rot:IMG_:14
Leaf_rot,IMG_2636.HEIC.jpg,burst:Leaf_rot:IMG_:14
Leaf_rot,IMG_2637.HEIC.jpg,burst:Leaf_rot:IMG_:14
Leaf_rot,IMG_2638.HEIC.jpg,burst:Leaf_rot:IMG_:14
Leaf_rot,IMG_2800.JPG,burst:Leaf_rot:IMG_:15
Leaf_rot,IMG_9857.jpg,burst:Leaf_rot:IMG_:16
Leaf_rot,IMG_9858.jpg,burst:Leaf_rot:IMG_:16
Leaf_rot,IMG_9859.jpg,burst:Leaf_rot:IMG_:16
Leaf_rot,IMG_9861.HEIC.jpg,burst:Leaf_rot:IMG_:16
Leaf_rot,IMG_9864.jpg,burst:Leaf_rot:IMG_:16
Leaf_rot,IMG_9865.jpg,burst:Leaf_rot:IMG_:16
Leaf_rot,IMG_9866.jpg,burst:Leaf_rot:IMG_:16
Leaf_rot,IMG_9867.jpg,burst:Leaf_rot:IMG_:16
Leaf_rot,IMG_9868.HEIC.jpg,burst:Leaf_rot:IMG_:16
Leaf_rot,IMG_9869.jpg,burst:Leaf_rot:IMG_:16
Leaf_rot,IMG_9870.jpg,burst:Leaf_rot:IMG_:16
Leaf_rot,IMG_9873.jpg,burst:Leaf_rot:IMG_:16
Leaf_rot,IMG_9874.jpg,burst:Leaf_rot:IMG_:16
Leaf_rot,IMG_9875.jpg,burst:Leaf_rot:IMG_:16
Leaf_rot,IMG_9879.jpg,burst:Leaf_rot:IMG_:17
Leaf_rot,IMG_9880.jpg,burst:Leaf_rot:IMG_:17
Leaf_rot,IMG_9881.jpg,burst:Leaf_rot:IMG_:17
Leaf_rot,IMG_9882.jpg,burst:Leaf_rot:IMG_:17
Leaf_rot,IMG_9885.jpg,burst:Leaf_rot:IMG_:17
Leaf_rot,IMG_9886.jpg,burst:Leaf_rot:IMG_:17
Leaf_rot,IMG_9887.jpg,burst:Leaf_rot:IMG_:17
Leaf_rot,IMG_9888.jpg,burst:Leaf_rot:IMG_:17
Leaf_rot,IMG_9931.jpg,burst:Leaf_rot:IMG_:18
Leaf_rot,IMG_9932.jpg,burst:Leaf_rot:IMG_:18
Leaf_rot,IMG_9933.jpg,burst:Leaf_rot:IMG_:18
Leaf_rot,IMG_9934.jpg,burst:Leaf_rot:IMG_:18
Leaf_rot,IMG_9935.jpg,burst:Leaf_rot:IMG_:18
Leaf_rot,IMG_9936.jpg,burst:Leaf_rot:IMG_:18
Leaf_rot,IMG_9937.jpg,burst:Leaf_rot:IMG_:18
Leaf_rot,IMG_9938.jpg,burst:Leaf_rot:IMG_:18
Leaf_rot,IMG_9939.jpg,burst:Leaf_rot:IMG_:18
Leaf_rot,IMG_9940.jpg,burst:Leaf_rot:IMG_:18
Leaf_rot,IMG_9941.jpg,burst:Leaf_rot:IMG_:18
Leaf_rot,IMG_9942.jpg,burst:Leaf_rot:IMG_:18
Leaf_rot,IMG_9943.jpg,burst:Leaf_rot:IMG_:18
Leaf_rot,IMG_9944.jpg,burst:Leaf_rot:IMG_:18
Leaf_rot,IMG_9945.jpg,burst:Leaf_rot:IMG_:18
Leaf_rot,IMG_9946.HEIC.jpg,burst:Leaf_rot:IMG_:18
Leaf_rot,IMG_9947.HEIC.jpg,burst:Leaf_rot:IMG_:18
Leaf_rot,IMG_9948.HEIC.jpg,burst:Leaf_rot:IMG_:18
Leaf_rot,IMG_9949.HEIC.jpg,burst:Leaf_rot:IMG_:18
Leaf_rot,IMG_9950.HEIC.jpg,burst:Leaf_rot:IMG_:18
Leaf_rot,IMG_9951.HEIC.jpg,burst:Leaf_rot:IMG_:18
Leaf_rot,IMG_9952.jpg,burst:Leaf_rot:IMG_:18
Leaf_rot,IMG_9953.jpg,burst:Leaf_rot:IMG_:18
Leaf_rot,IMG_9954.jpg,burst:Leaf_rot:IMG_:18
Leaf_rot,IMG_9955.HEIC.jpg,burst:Leaf_rot:IMG_:18
Leaf_rot,IMG_9964.jpg,burst:Leaf_rot:IMG_:19
Leaf_rot,IMG_9965.jpg,burst:Leaf_rot:IMG_:19
Leaf_rot,IMG_9966.jpg,burst:Leaf_rot:IMG_:19
Leaf_rot,IMG_9967.jpg,burst:Leaf_rot:IMG_:19
Leaf_rot,IMG_9968.jpg,burst:Leaf_rot:IMG_:19
Leaf_rot,IMG_9969.jpg,burst:Leaf_rot:IMG_:19
Leaf_rot,IMG_9970.jpg,burst:Leaf_rot:IMG_:19
Leaf_rot,IMG_9971.jpg,burst:Leaf_rot:IMG_:19
Leaf_rot,IMG_9972.jpg,burst:Leaf_rot:IMG_:19
Leaf_rot,IMG_0238.jpg,burst:Leaf_rot:IMG_:2
Leaf_rot,IMG_0254.jpg,burst:Leaf_rot:IMG_:3
Leaf_rot,IMG_0256.jpg,burst:Leaf_rot:IMG_:3
Leaf_rot,IMG_0257.jpg,burst:Leaf_rot:IMG_:3
Leaf_rot,IMG_0259.jpg,burst:Leaf_rot:IMG_:3
Leaf_rot,IMG_2155.HEIC.jpg,burst:Leaf_rot:IMG_:4
Leaf_rot,IMG_2156.HEIC.jpg,burst:Leaf_rot:IMG_:4
Leaf_rot,IMG_2158.HEIC.jpg,burst:Leaf_rot:IMG_:4
Leaf_rot,IMG_2159.HEIC.jpg,burst:Leaf_rot:IMG_:4
Leaf_rot,IMG_2168.HEIC.jpg,burst:Leaf_rot:IMG_:5
Leaf_rot,IMG_2169.HEIC.jpg,burst:Leaf_rot:IMG_:5
Leaf_rot,IMG_2170.HEIC.jpg,burst:Leaf_rot:IMG_:5
Leaf_rot,IMG_2179.HEIC.jpg,burst:Leaf_rot:IMG_:6
Leaf_rot,IMG_2180.HEIC.jpg,burst:Leaf_rot:IMG_:6
Leaf_rot,IMG_2181.HEIC.jpg,burst:Leaf_rot:IMG_:6
Leaf_rot,IMG_2182.HEIC.jpg,burst:Leaf_rot:IMG_:6
Leaf_rot,IMG_2183.HEIC.jpg,burst:Leaf_rot:IMG_:6
Leaf_rot,IMG_2184.HEIC.jpg,burst:Leaf_rot:IMG_:6
Leaf_rot,IMG_2185.HEIC.jpg,burst:Leaf_rot:IMG_:6
Leaf_rot,IMG_2191.HEIC.jpg,burst:Leaf_rot:IMG_:7
Leaf_rot,IMG_2193.HEIC.jpg,burst:Leaf_rot:IMG_:7
Leaf_rot,IMG_2194.HEIC.jpg,burst:Leaf_rot:IMG_:7
Leaf_rot,IMG_2195.HEIC.jpg,burst:Leaf_rot:IMG_:7
Leaf_rot,IMG_2196.HEIC.jpg,burst:Leaf_rot:IMG_:7
Leaf_rot,IMG_2197.HEIC.jpg,burst:Leaf_rot:IMG_:7
Leaf_rot,IMG_2198.HEIC.jpg,burst:Leaf_rot:IMG_:7
Leaf_rot,IMG_2199.HEIC.jpg,burst:Leaf_rot:IMG_:7
Leaf_rot,IMG_2285.HEIC.jpg,burst:Leaf_rot:IMG_:8
Leaf_rot,IMG_2286.HEIC.jpg,burst:Leaf_rot:IMG_:8
Leaf_rot,IMG_2287.HEIC.jpg,burst:Leaf_rot:IMG_:8
Leaf_rot,IMG_2288.HEIC.jpg,burst:Leaf_rot:IMG_:8
Leaf_rot,IMG_2289.HEIC.jpg,burst:Leaf_rot:IMG_:8
Leaf_rot,IMG_2290.HEIC.jpg,burst:Leaf_rot:IMG_:8
Leaf_rot,IMG_2291.HEIC.jpg,burst:Leaf_rot:IMG_:8
Leaf_rot,IMG_2293.HEIC.jpg,burst:Leaf_rot:IMG_:8
Leaf_rot,IMG_2294.HEIC.jpg,burst:Leaf_rot:IMG_:8
Leaf_rot,IMG_2295.HEIC.jpg,burst:Leaf_rot:IMG_:8
Leaf_rot,IMG_2296.HEIC.jpg,burst:Leaf_rot:IMG_:8
Leaf_rot,IMG_2329.HEIC.jpg,burst:Leaf_rot:IMG_:9
Leaf_rot,IMG_2330.HEIC.jpg,burst:Leaf_rot:IMG_:9
Leaf_rot,IMG_2331.HEIC.jpg,burst:Leaf_rot:IMG_:9
Leaf_rot,IMG_2332.HEIC.jpg,burst:Leaf_rot:IMG_:9
Leaf_rot,IMG_2333.HEIC.jpg,burst:Leaf_rot:IMG_:9
Leaf_rot,IMG_2334.HEIC.jpg,burst:Leaf_rot:IMG_:9
Leaf_rot,IMG_2335.HEIC.jpg,burst:Leaf_rot:IMG_:9
Leaf_rot,IMG_2336.HEIC.jpg,burst:Leaf_rot:IMG_:9
Leaf_rot,IMG_2337.HEIC.jpg,burst:Leaf_rot:IMG_:9
Leaf_rot,IMG_2338.HEIC.jpg,burst:Leaf_rot:IMG_:9
Leaf_rot,IMG_2339.HEIC.jpg,burst:Leaf_rot:IMG_:9
Leaf_rot,IMG_2340.HEIC.jpg,burst:Leaf_rot:IMG_:9
Leaf_rot,IMG_2341.HEIC.jpg,burst:Leaf_rot:IMG_:9
Leaf_rot,IMG_2342.HEIC.jpg,burst:Leaf_rot:IMG_:9
Leaf_rot,IMG_2343.HEIC.jpg,burst:Leaf_rot:IMG_:9
Leaf_rot,IMG_2344.HEIC.jpg,burst:Leaf_rot:IMG_:9
Leaf_rot,IMG_2345.HEIC.jpg,burst:Leaf_rot:IMG_:9
Leaf_rot,IMG_2346.HEIC.jpg,burst:Leaf_rot:IMG_:9
Leaf_rot,IMG_2347.HEIC.jpg,burst:Leaf_rot:IMG_:9
Leaf_rot,IMG_2349.HEIC.jpg,burst:Leaf_rot:IMG_:9
Leaf_rot,IMG_2351.HEIC.jpg,burst:Leaf_rot:IMG_:9
Leaf_rot,IMG_2352.HEIC.jpg,burst:Leaf_rot:IMG_:9
Leaf_rot,020dddb7-69a3-464d-ba4d-dfcf787a3de4.jpg,single:Leaf_rot:020dddb7-69a3-464d-ba4d-dfcf787a3de4
Leaf_rot,2.jpg,single:Leaf_rot:2
Leaf_rot,4b54a906-5848-4736-82e3-307ca745b475.jpg,single:Leaf_rot:4b54a906-5848-4736-82e3-307ca745b475
Leaf_rot,5f55c0e9-a276-4fef-b429-512f6ff024c3.jpg,single:Leaf_rot:5f55c0e9-a276-4fef-b429-512f6ff024c3
Leaf_rot,77381d1b-59d9-4de4-b92b-ef67002cb386.jpg,single:Leaf_rot:77381d1b-59d9-4de4-b92b-ef67002cb386
Leaf_rot,eb683acd-9cff-4ce4-9fa1-e86c7fdd0216.jpg,single:Leaf_rot:eb683acd-9cff-4ce4-9fa1-e86c7fdd0216
Leaf_rot,WhatsApp Image 2026-06-10 at 8.41.11 AM.jpg,whatsapp:Leaf_rot:2026-06-10
Leaf_rot,WhatsApp Image 2026-06-10 at 8.41.12 AM (1).jpg,whatsapp:Leaf_rot:2026-06-10
Leaf_rot,WhatsApp Image 2026-06-10 at 8.41.12 AM (2).jpg,whatsapp:Leaf_rot:2026-06-10
Leaf_rot,WhatsApp Image 2026-06-10 at 8.41.12 AM (3).jpg,whatsapp:Leaf_rot:2026-06-10
Leaf_rot,WhatsApp Image 2026-06-10 at 8.41.12 AM.jpg,whatsapp:Leaf_rot:2026-06-10
Leaf_rot,WhatsApp Image 2026-06-10 at 8.41.18 AM.jpg,whatsapp:Leaf_rot:2026-06-10
Phomopsis,IMG_9885.jpg,burst:Phomopsis:IMG_:0
Phomopsis,IMG_9886.jpg,burst:Phomopsis:IMG_:0
Phomopsis,IMG_9887.jpg,burst:Phomopsis:IMG_:0
Phomopsis,IMG_9888.jpg,burst:Phomopsis:IMG_:0
Phomopsis,IMG_9889.jpg,burst:Phomopsis:IMG_:0
Phomopsis,IMG_9890.jpg,burst:Phomopsis:IMG_:0
Phomopsis,IMG_9891.jpg,burst:Phomopsis:IMG_:0
Phomopsis,IMG_9892.jpg,burst:Phomopsis:IMG_:0
Phomopsis,IMG_9893.jpg,burst:Phomopsis:IMG_:0
Phomopsis,IMG_9894.jpg,burst:Phomopsis:IMG_:0
Phomopsis,IMG_9895.jpg,burst:Phomopsis:IMG_:0
Phomopsis,IMG_9896.jpg,burst:Phomopsis:IMG_:0
Phomopsis,IMG_9897.jpg,burst:Phomopsis:IMG_:0
Phomopsis,IMG_9898.jpg,burst:Phomopsis:IMG_:0
Phomopsis,IMG_9899.jpg,burst:Phomopsis:IMG_:0
Phomopsis,IMG_9900.jpg,burst:Phomopsis:IMG_:0
Phomopsis,IMG_9902.jpg,burst:Phomopsis:IMG_:0
Phomopsis,IMG_9903.jpg,burst:Phomopsis:IMG_:0
Phomopsis,IMG_9904.jpg,burst:Phomopsis:IMG_:0
Phomopsis,IMG_9905.jpg,burst:Phomopsis:IMG_:0
Phomopsis,IMG_9906.jpg,burst:Phomopsis:IMG_:0
Phomopsis,IMG_9907.jpg,burst:Phomopsis:IMG_:0
Phomopsis,IMG_9908.jpg,burst:Phomopsis:IMG_:0
Phomopsis,IMG_9910.jpg,burst:Phomopsis:IMG_:0
Phomopsis,IMG_9911.jpg,burst:Phomopsis:IMG_:0
Phomopsis,IMG_9912.jpg,burst:Phomopsis:IMG_:0
Phomopsis,IMG_9913.jpg,burst:Phomopsis:IMG_:0
Phomopsis,IMG_9914.jpg,burst:Phomopsis:IMG_:0
Phomopsis,IMG_9915.jpg,burst:Phomopsis:IMG_:0
Phomopsis,IMG_9916.jpg,burst:Phomopsis:IMG_:0
Phomopsis,IMG_9917.jpg,burst:Phomopsis:IMG_:0
Phomopsis,IMG_9918.jpg,burst:Phomopsis:IMG_:0
Phomopsis,IMG_9919.jpg,burst:Phomopsis:IMG_:0
Phomopsis,IMG_9920.jpg,burst:Phomopsis:IMG_:0
Phomopsis,IMG_9921.jpg,burst:Phomopsis:IMG_:0
Phomopsis,IMG_9922.jpg,burst:Phomopsis:IMG_:0
Phomopsis,IMG_9923.jpg,burst:Phomopsis:IMG_:0
Phomopsis,IMG_9924.jpg,burst:Phomopsis:IMG_:0
Phomopsis,IMG_9925.jpg,burst:Phomopsis:IMG_:0
Phomopsis,IMG_9926.jpg,burst:Phomopsis:IMG_:0
Phomopsis,IMG_9927.jpg,burst:Phomopsis:IMG_:0
Phomopsis,IMG_9928.jpg,burst:Phomopsis:IMG_:0
Phomopsis,IMG_9929.jpg,burst:Phomopsis:IMG_:0
Phomopsis,IMG_9931.jpg,burst:Phomopsis:IMG_:0
Phomopsis,IMG_9932.jpg,burst:Phomopsis:IMG_:0
Phomopsis,IMG_9933.jpg,burst:Phomopsis:IMG_:0
Phomopsis,IMG_9934.jpg,burst:Phomopsis:IMG_:0
Phomopsis,IMG_9935.jpg,burst:Phomopsis:IMG_:0
Phomopsis,IMG_9936.jpg,burst:Phomopsis:IMG_:0
Phomopsis,IMG_9939.jpg,burst:Phomopsis:IMG_:0
Phomopsis,IMG_9940.jpg,burst:Phomopsis:IMG_:0
Phomopsis,IMG_9941.jpg,burst:Phomopsis:IMG_:0
Phomopsis,IMG_9942.jpg,burst:Phomopsis:IMG_:0
Phomopsis,IMG_9943.jpg,burst:Phomopsis:IMG_:0
Phomopsis,IMG_9944.jpg,burst:Phomopsis:IMG_:0
Phomopsis,IMG_9945.jpg,burst:Phomopsis:IMG_:0
Phomopsis,IMG_9946.jpg,burst:Phomopsis:IMG_:0
Phomopsis,IMG_9947.jpg,burst:Phomopsis:IMG_:0
Phomopsis,IMG_9948.jpg,burst:Phomopsis:IMG_:0
Phomopsis,IMG_9949.jpg,burst:Phomopsis:IMG_:0
Phomopsis,IMG_9951.jpg,burst:Phomopsis:IMG_:0
Phomopsis,IMG_9952.jpg,burst:Phomopsis:IMG_:0
Phomopsis,IMG_9953.jpg,burst:Phomopsis:IMG_:0
Phomopsis,IMG_9955.jpg,burst:Phomopsis:IMG_:0
Phomopsis,IMG_9956.jpg,burst:Phomopsis:IMG_:0
Phomopsis,IMG_9957.jpg,burst:Phomopsis:IMG_:0
Phomopsis,IMG_9958.jpg,burst:Phomopsis:IMG_:0
Phomopsis,IMG_9959.jpg,burst:Phomopsis:IMG_:0
Phomopsis,IMG_9960.jpg,burst:Phomopsis:IMG_:0
Phomopsis,IMG_9961.jpg,burst:Phomopsis:IMG_:0
Phomopsis,IMG_9962.jpg,burst:Phomopsis:IMG_:0
Phomopsis,IMG_9963.jpg,burst:Phomopsis:IMG_:0
Phomopsis,IMG_9965.jpg,burst:Phomopsis:IMG_:0
Phomopsis,IMG_9968.jpg,burst:Phomopsis:IMG_:0
Phomopsis,IMG_9969.jpg,burst:Phomopsis:IMG_:0
Phomopsis,IMG_9970.jpg,burst:Phomopsis:IMG_:0
Phomopsis,IMG_9972.jpg,burst:Phomopsis:IMG_:0
Phomopsis,IMG_9973.jpg,burst:Phomopsis:IMG_:0
Phomopsis,IMG_9977.jpg,burst:Phomopsis:IMG_:1
Phomopsis,IMG_9980.jpg,burst:Phomopsis:IMG_:1
Phomopsis,IMG_9983.jpg,burst:Phomopsis:IMG_:1
Phomopsis,IMG_9984.jpg,burst:Phomopsis:IMG_:1
Phomopsis,IMG_9985.jpg,burst:Phomopsis:IMG_:1
Phomopsis,IMG_9986.jpg,burst:Phomopsis:IMG_:1
Phomopsis,IMG_9987.jpg,burst:Phomopsis:IMG_:1
Phomopsis,IMG_9988.jpg,burst:Phomopsis:IMG_:1
Phomopsis,IMG_9989.jpg,burst:Phomopsis:IMG_:1
Phomopsis,IMG_9990.jpg,burst:Phomopsis:IMG_:1
Phomopsis,IMG_9991.jpg,burst:Phomopsis:IMG_:1
Phomopsis,1804cc6c-4bef-4c2e-a3cb-f8e75809fdd2.jpg,single:Phomopsis:1804cc6c-4bef-4c2e-a3cb-f8e75809fdd2
Phomopsis,47b54c8d-4854-4850-b79a-69ed18c63e25.jpg,single:Phomopsis:47b54c8d-4854-4850-b79a-69ed18c63e25
Phomopsis,93419149-25d2-4cb8-bd1d-27ffc6b69f49.jpg,single:Phomopsis:93419149-25d2-4cb8-bd1d-27ffc6b69f49
Phomopsis,93ef94a8-5491-4efc-9102-cdf71dc9c56e.jpg,single:Phomopsis:93ef94a8-5491-4efc-9102-cdf71dc9c56e
Phomopsis,a3167015-5eae-408f-98d1-5224f810d3d5.jpg,single:Phomopsis:a3167015-5eae-408f-98d1-5224f810d3d5
Phomopsis,IMG_9937_frame00000.jpg,video:Phomopsis:IMG_9937
Phomopsis,IMG_9937_frame00239.jpg,video:Phomopsis:IMG_9937
Phomopsis,IMG_9937_frame00478.jpg,video:Phomopsis:IMG_9937
Phomopsis,IMG_9937_frame00717.jpg,video:Phomopsis:IMG_9937
Phomopsis,IMG_9937_frame00956.jpg,video:Phomopsis:IMG_9937
Phomopsis,IMG_9937_frame01195.jpg,video:Phomopsis:IMG_9937
Phomopsis,IMG_9937_frame01434.jpg,video:Phomopsis:IMG_9937
Phomopsis,IMG_9937_frame01673.jpg,video:Phomopsis:IMG_9937
Phomopsis,IMG_9938_frame00000.jpg,video:Phomopsis:IMG_9938
Phomopsis,IMG_9938_frame00239.jpg,video:Phomopsis:IMG_9938
Phomopsis,IMG_9938_frame00478.jpg,video:Phomopsis:IMG_9938
Phomopsis,IMG_9938_frame00717.jpg,video:Phomopsis:IMG_9938
Phomopsis,IMG_9938_frame00956.jpg,video:Phomopsis:IMG_9938
Phomopsis,IMG_9938_frame01195.jpg,video:Phomopsis:IMG_9938
Phomopsis,IMG_9938_frame01434.jpg,video:Phomopsis:IMG_9938
Phomopsis,IMG_9938_frame01673.jpg,video:Phomopsis:IMG_9938
Phomopsis,IMG_9938_frame01912.jpg,video:Phomopsis:IMG_9938
Phomopsis,IMG_9938_frame02151.jpg,video:Phomopsis:IMG_9938
Phomopsis,IMG_9938_frame02390.jpg,video:Phomopsis:IMG_9938
Phomopsis,IMG_9938_frame02629.jpg,video:Phomopsis:IMG_9938
Phomopsis,IMG_9938_frame02868.jpg,video:Phomopsis:IMG_9938
Phomopsis,IMG_9954_frame00000.jpg,video:Phomopsis:IMG_9954
Phomopsis,IMG_9954_frame00162.jpg,video:Phomopsis:IMG_9954
Phomopsis,IMG_9954_frame00324.jpg,video:Phomopsis:IMG_9954
Phomopsis,IMG_9954_frame00486.jpg,video:Phomopsis:IMG_9954
Phomopsis,IMG_9954_frame00648.jpg,video:Phomopsis:IMG_9954
Phomopsis,IMG_9954_frame00810.jpg,video:Phomopsis:IMG_9954
Phomopsis,IMG_9954_frame00972.jpg,video:Phomopsis:IMG_9954
Phomopsis,IMG_9954_frame01134.jpg,video:Phomopsis:IMG_9954
Phomopsis,IMG_9954_frame01296.jpg,video:Phomopsis:IMG_9954
Phomopsis,IMG_9975_frame00000.jpg,video:Phomopsis:IMG_9975
Phomopsis,IMG_9975_frame00239.jpg,video:Phomopsis:IMG_9975
Phomopsis,IMG_9975_frame00478.jpg,video:Phomopsis:IMG_9975
Phomopsis,IMG_9975_frame00717.jpg,video:Phomopsis:IMG_9975
Phomopsis,IMG_9975_frame00956.jpg,video:Phomopsis:IMG_9975
Phomopsis,IMG_9975_frame01195.jpg,video:Phomopsis:IMG_9975
Phomopsis,IMG_9975_frame01434.jpg,video:Phomopsis:IMG_9975
Phomopsis,IMG_9975_frame01673.jpg,video:Phomopsis:IMG_9975
Phomopsis,IMG_9975_frame01912.jpg,video:Phomopsis:IMG_9975
Phomopsis,IMG_9976_frame00000.jpg,video:Phomopsis:IMG_9976
Phomopsis,IMG_9976_frame00239.jpg,video:Phomopsis:IMG_9976
Phomopsis,IMG_9976_frame00478.jpg,video:Phomopsis:IMG_9976
Phomopsis,IMG_9976_frame00717.jpg,video:Phomopsis:IMG_9976
Phomopsis,IMG_9976_frame00956.jpg,video:Phomopsis:IMG_9976
Phomopsis,IMG_9976_frame01195.jpg,video:Phomopsis:IMG_9976
Phomopsis,IMG_9976_frame01434.jpg,video:Phomopsis:IMG_9976
Phomopsis,IMG_9976_frame01673.jpg,video:Phomopsis:IMG_9976
Phomopsis,IMG_9976_frame01912.jpg,video:Phomopsis:IMG_9976
Phomopsis,IMG_9976_frame02151.jpg,video:Phomopsis:IMG_9976
Phomopsis,IMG_9976_frame02390.jpg,video:Phomopsis:IMG_9976
Phomopsis,IMG_9978_frame00000.jpg,video:Phomopsis:IMG_9978
Phomopsis,IMG_9978_frame00239.jpg,video:Phomopsis:IMG_9978
Phomopsis,IMG_9978_frame00478.jpg,video:Phomopsis:IMG_9978
Phomopsis,IMG_9978_frame00717.jpg,video:Phomopsis:IMG_9978
Phomopsis,IMG_9978_frame00956.jpg,video:Phomopsis:IMG_9978
Phomopsis,IMG_9978_frame01195.jpg,video:Phomopsis:IMG_9978
Phomopsis,IMG_9978_frame01434.jpg,video:Phomopsis:IMG_9978
Phomopsis,IMG_9978_frame01673.jpg,video:Phomopsis:IMG_9978
Phomopsis,IMG_9979_frame00000.jpg,video:Phomopsis:IMG_9979
Phomopsis,IMG_9979_frame00239.jpg,video:Phomopsis:IMG_9979
Phomopsis,IMG_9979_frame00478.jpg,video:Phomopsis:IMG_9979
Phomopsis,IMG_9979_frame00717.jpg,video:Phomopsis:IMG_9979
Phomopsis,IMG_9979_frame00956.jpg,video:Phomopsis:IMG_9979
Pink_disease,IMG_2796.JPG,burst:Pink_disease:IMG_:0
Pink_disease,IMG_2798.JPG,burst:Pink_disease:IMG_:0
Pink_disease,IMG_2803.JPG,burst:Pink_disease:IMG_:1
Pink_disease,IMG_2805.JPG,burst:Pink_disease:IMG_:1
Pink_disease,WhatsApp Image 2026-06-10 at 8.41.16 AM (1).jpg,whatsapp:Pink_disease:2026-06-10
Pink_disease,WhatsApp Image 2026-06-10 at 8.41.16 AM.jpg,whatsapp:Pink_disease:2026-06-10
Pink_disease,WhatsApp Image 2026-06-10 at 8.41.17 AM (1).jpg,whatsapp:Pink_disease:2026-06-10
Pink_disease,WhatsApp Image 2026-06-10 at 8.41.17 AM (2).jpg,whatsapp:Pink_disease:2026-06-10
Pink_disease,WhatsApp Image 2026-06-10 at 8.41.17 AM (3).jpg,whatsapp:Pink_disease:2026-06-10
Pink_disease,WhatsApp Image 2026-06-10 at 8.41.17 AM.jpg,whatsapp:Pink_disease:2026-06-10
Root_disease,IMG_0749.HEIC.jpg,burst:Root_disease:IMG_:0
Root_disease,IMG_0750.HEIC.jpg,burst:Root_disease:IMG_:0
Root_disease,IMG_1774.JPG,burst:Root_disease:IMG_:1
Root_disease,IMG_1775.JPG,burst:Root_disease:IMG_:1
Root_disease,IMG_1776.JPG,burst:Root_disease:IMG_:1
Root_disease,IMG_1777.JPG,burst:Root_disease:IMG_:1
Root_disease,IMG_1778.JPG,burst:Root_disease:IMG_:1
Root_disease,IMG_1779.JPG,burst:Root_disease:IMG_:1
Root_disease,IMG_1780.JPG,burst:Root_disease:IMG_:1
Root_disease,IMG_1781.JPG,burst:Root_disease:IMG_:1
Root_disease,IMG_1782.JPG,burst:Root_disease:IMG_:1
Root_disease,IMG_1783.JPG,burst:Root_disease:IMG_:1
Root_disease,IMG_1784.JPG,burst:Root_disease:IMG_:1
Root_disease,IMG_1785.JPG,burst:Root_disease:IMG_:1
Root_disease,IMG_1786.JPG,burst:Root_disease:IMG_:1
Root_disease,IMG_1787.JPG,burst:Root_disease:IMG_:1
Root_disease,IMG_1788.JPG,burst:Root_disease:IMG_:1
Root_disease,IMG_1789.JPG,burst:Root_disease:IMG_:1
Root_disease,IMG_1790.JPG,burst:Root_disease:IMG_:1
Root_disease,IMG_1791.JPG,burst:Root_disease:IMG_:1
Root_disease,IMG_1792.JPG,burst:Root_disease:IMG_:1
Root_disease,IMG_1793.JPG,burst:Root_disease:IMG_:1
Root_disease,IMG_1794.JPG,burst:Root_disease:IMG_:1
Root_disease,IMG_1795.JPG,burst:Root_disease:IMG_:1
Root_disease,IMG_1796.JPG,burst:Root_disease:IMG_:1
Root_disease,IMG_1797.JPG,burst:Root_disease:IMG_:1
Root_disease,IMG_1798.JPG,burst:Root_disease:IMG_:1
Root_disease,IMG_1799.JPG,burst:Root_disease:IMG_:1
Root_disease,IMG_1800.JPG,burst:Root_disease:IMG_:1
Root_disease,IMG_1801.JPG,burst:Root_disease:IMG_:1
Root_disease,IMG_1802.JPG,burst:Root_disease:IMG_:1
Root_disease,IMG_1803.JPG,burst:Root_disease:IMG_:1
Root_disease,IMG_1804.JPG,burst:Root_disease:IMG_:1
Root_disease,IMG_1805.JPG,burst:Root_disease:IMG_:1
Root_disease,IMG_1806.JPG,burst:Root_disease:IMG_:1
Root_disease,IMG_1807.JPG,burst:Root_disease:IMG_:1
Root_disease,IMG_1808.JPG,burst:Root_disease:IMG_:1
Root_disease,IMG_1809.JPG,burst:Root_disease:IMG_:1
Root_disease,IMG_1810.JPG,burst:Root_disease:IMG_:1
Root_disease,IMG_1811.JPG,burst:Root_disease:IMG_:1
Root_disease,IMG_1812.JPG,burst:Root_disease:IMG_:1
Root_disease,IMG_1815.JPG,burst:Root_disease:IMG_:1
Root_disease,IMG_1816.JPG,burst:Root_disease:IMG_:1
Root_disease,IMG_1817.JPG,burst:Root_disease:IMG_:1
Root_disease,IMG_1818.JPG,burst:Root_disease:IMG_:1
Root_disease,IMG_1820.JPG,burst:Root_disease:IMG_:1
Root_disease,IMG_1823.JPG,burst:Root_disease:IMG_:1
Root_disease,IMG_1825.JPG,burst:Root_disease:IMG_:1
Root_disease,IMG_1826.JPG,burst:Root_disease:IMG_:1
Root_disease,IMG_1827.JPG,burst:Root_disease:IMG_:1
Root_disease,IMG_1829.JPG,burst:Root_disease:IMG_:1
Root_disease,IMG_2226.HEIC.jpg,burst:Root_disease:IMG_:2
Root_disease,IMG_2227.HEIC.jpg,burst:Root_disease:IMG_:2
Root_disease,IMG_2228.HEIC.jpg,burst:Root_disease:IMG_:2
Root_disease,IMG_2229.HEIC.jpg,burst:Root_disease:IMG_:2
Root_disease,IMG_2230.HEIC.jpg,burst:Root_disease:IMG_:2
Root_disease,IMG_2275.HEIC.jpg,burst:Root_disease:IMG_:3
Root_disease,IMG_2276.HEIC.jpg,burst:Root_disease:IMG_:3
Root_disease,IMG_2277.HEIC.jpg,burst:Root_disease:IMG_:3
Root_disease,IMG_2278.HEIC.jpg,burst:Root_disease:IMG_:3
Root_disease,IMG_2279.HEIC.jpg,burst:Root_disease:IMG_:3
Root_disease,IMG_2280.HEIC.jpg,burst:Root_disease:IMG_:3
Root_disease,IMG_2281.HEIC.jpg,burst:Root_disease:IMG_:3
Root_disease,IMG_2283.HEIC.jpg,burst:Root_disease:IMG_:3
Root_disease,IMG_2423.HEIC.jpg,burst:Root_disease:IMG_:4
Root_disease,IMG_2424.HEIC.jpg,burst:Root_disease:IMG_:4
Root_disease,IMG_2425.HEIC.jpg,burst:Root_disease:IMG_:4
Root_disease,IMG_2426.HEIC.jpg,burst:Root_disease:IMG_:4
Root_disease,IMG_2427.HEIC.jpg,burst:Root_disease:IMG_:4
Root_disease,IMG_2428.HEIC.jpg,burst:Root_disease:IMG_:4
Root_disease,IMG_2429.HEIC.jpg,burst:Root_disease:IMG_:4
Root_disease,IMG_2432.HEIC.jpg,burst:Root_disease:IMG_:4
Root_disease,IMG_2433.HEIC.jpg,burst:Root_disease:IMG_:4
Root_disease,IMG_2434.HEIC.jpg,burst:Root_disease:IMG_:4
Root_disease,IMG_2435.HEIC.jpg,burst:Root_disease:IMG_:4
Root_disease,2.jpg,single:Root_disease:2
Root_disease,3.jpg,single:Root_disease:3
Root_disease,WhatsApp Image 2026-06-10 at 8.41.19 AM.jpg,whatsapp:Root_disease:2026-06-10
